[{"id":1,"name":"科学","slug":"kexue132","isDelete":false},{"id":2,"name":"八卦","slug":"sdfsafsfsfds","isDelete":false},{"id":3,"name":"不科学","slug":"kexuen","isDelete":false},{"id":4,"name":"新闻","slug":"comfortablehome1","isDelete":false},{"id":5,"name":"奇异","slug":"outhome","isDelete":false},{"id":6,"name":"1","slug":"12","isDelete":true},{"id":7,"name":"本地的就是爽","slug":"niubi","isDelete":false},{"id":8,"name":"军事","slug":"eyekillyou","isDelete":false},{"id":9,"name":"你是一个好人","slug":"goodman","isDelete":false},{"id":10,"name":"还是做朋友吧","slug":"friend","isDelete":false},{"id":11,"name":"你不是人","slug":"noman","isDelete":false},{"id":12,"name":"禽兽不如","slug":"noanimal","isDelete":false},{"id":13,"name":"历史1","slug":"history1","isDelete":false},{"id":14,"name":"test","slug":"tests11","isDelete":true},{"id":15,"name":"asdfsdf","slug":"testet","isDelete":true},{"id":16,"name":"asdfsafs","slug":"afsfsdsafsdf","isDelete":true},{"id":17,"name":"1123","slug":"123123123213213","isDelete":true},{"id":18,"name":"ddd","slug":"ddddd","isDelete":true},{"id":19,"name":"55","slug":"55","isDelete":true},{"id":20,"name":"1231","slug":"1321321313","isDelete":true},{"id":21,"name":"12317777","slug":"123131112","isDelete":true},{"id":22,"name":"asfsfsd","slug":"sadfsfdsfdsfd","isDelete":true},{"id":23,"name":"s'd'f's'da'f","slug":"胜多负少打发斯蒂芬是否","isDelete":true},{"id":24,"name":"aw","slug":"rwar","isDelete":true},{"id":25,"name":"ok","slug":"ok","isDelete":true}]